{"cameraMode":{"drawMode":0,"name":"Shaded","section":"Shading Mode"},"sceneLighting":false,"audioPlay":false,"sceneViewState":{"m_AlwaysRefresh":false,"showFog":true,"showSkybox":false,"showFlares":true,"showImageEffects":true,"showParticleSystems":true,"showVisualEffectGraphs":true,"m_FxEnabled":true},"in2DMode":false,"pivot":{"x":1177.4068603515625,"y":742.8346557617188,"z":-30.6697998046875},"rotation":{"x":-0.010186165571212769,"y":-0.02999858558177948,"z":-0.00030562220490537584,"w":0.9995043873786926},"size":960.558837890625,"orthographic":true}